gallery,city,Lon,Lat
Kunsthal Aarhus,Aarhus,10.210365,56.162939
Te Tuhi,Auckland,174.763336,-36.848461
Te Tuhi,Auckland,174.763337,-36.848462
Bombon Projects,Barcelona,2.154007,41.390205
Wilde,Basel,7.588576,47.559601
New Jerseyy,Basel,7.588577,47.559602
New Jerseyy,Basel,7.588578,47.559603
Gnyp Gallery,Berlin,13.381777,52.531677
Société,Berlin,13.381778,52.531678
Schinkel Pavillon,Berlin,13.381779,52.531679
Galerie Buchholz,Berlin,13.381780,52.531680
Galerie Buchholz,Berlin,13.381781,52.531681
Konrad Fischer,Berlin,13.381782,52.531682
Champ Lacombe,Biarritz, -1.560000,43.480000
Kunstverein Braunschweig,Braunschweig,10.516667,52.266666
GAK Gesellschaft für Aktuelle Kunst,Bremen,8.806422,53.073635
MIT List Visual Arts Center,Cambridge,0.119167,52.205276
Galerie Gisela Capitain,Cologne,6.953101,50.935173
Simian,Copenhagen,12.568337,55.676098
O—Overgaden,Copenhagen,12.568338,55.676099
Dortmunder Kunstverein,Dortmund,7.468429,51.514244
sonneundsolche,Dusseldorf, 6.783333,51.233334
Halsey McKay,East Hampton,-72.184799,40.963432
David Lewis,East Hampton,-72.184800,40.963433
Graff Mourgue D'Algue,Geneva,6.143158,46.204391
Graff Mourgue D'Algue,Geneva,6.143159,46.204392
The Modern Institute,Glasgow,-4.251433,55.860916
Kunstverein Harburger Bahnhof,Harburger Bahnhof,9.98832938,53.453664852 
The Art Gallery at the University of Hawai‘i at Mānoa,Honolulu,-157.858093,21.315603
High Desert Test Sites,Joshua Tree,-115.900650,33.881866
Galeria Madragoa,Lissabon,-9.142685,38.736946
Kunsthalle Lissabon,Lissabon,-9.142686,38.736947
Tiwani Contemporary,London,-0.118092,51.509865
Pilar Corrias,London,-0.118093,51.509866
Hauser & Wirth,London,-0.118094,51.509867
Kristina Kite Gallery,Los Angeles,-118.327759,34.098907
Craft Contemporary,Los Angeles,-118.327760,34.098908
Shulamit Nazarian,Los Angeles,-118.327761,34.098909
Hammer Museum,Los Angeles,-118.327762,34.098910
Commercial street,Los Angeles,-118.327763,34.098911
Kristina Kite Gallery,Los Angeles,-118.327764,34.098912
Chris Sharp Gallery,Los Angeles,-118.327765,34.098913
Kristina Kite Gallery,Los Angeles,-118.327766,34.098914
Various Small Fires,Los Angeles,-118.327767,34.098915
François Ghebaly,Los Angeles,-118.327768,34.098916
François Ghebaly,Los Angeles,-118.327769,34.098917
Chris Sharp Gallery,Los Angeles,-118.327770,34.098918
Sprüth Magers,Los Angeles,-118.327771,34.098919
Meliksetian | Briggs,Los Angeles,-118.327772,34.098920
Reena Spaulings Fine Art,Los Angeles,-118.327773,34.098921
Matthew Marks,Los Angeles,-118.327774,34.098922
Kristina Kite Gallery,Los Angeles,-118.327775,34.098923
Hannah Hoffman Gallery,Los Angeles,-118.327776,34.098924
JOAN,Los Angeles,-118.327777,34.098925
JOAN,Los Angeles,-118.327778,34.098926
Public Fiction at Hammer Museum,Los Angeles,-118.327779,34.098927
Parrasch Heijnen,Los Angeles,-118.327780,34.098928
Parrasch Heijnen,Los Angeles,-118.327781,34.098929
Museo Tamayo,Mexico City, -99.133209,19.432608
Nina Johnson,Miami,-80.139198,25.793449
MASSIMODECARLO,Milan,9.188540,45.464664
Gío Marconi,Milan,9.188541,45.464665
Le Case D'Arte,Milan,9.188542,45.464666
Nir Altman,Munich,11.576124,48.137154
"Mishkin Gallery, Baruch College",New York,-75.000000,43.000000
Grimm,New York,-75.000001,43.000001
Artists Space,New York,-75.000002,43.000002
Greene Naftali,New York,-75.000003,43.000003
Almine Rech,New York,-75.000004,43.000004
Magneta Plains,New York,-75.000005,43.000005
Swiss Insitute,New York,-75.000006,43.000006
Nicelle Beauchene Gallery,New York,-75.000007,43.000007
Team Gallery,New York,-75.000008,43.000008
Blum & Poe,New York,-75.000009,43.000009
MoMA PS1,New York,-75.000010,43.000010
"Marianne Boesky Gallery,",New York,-75.000011,43.000011
Venus Over Manhattan,New York,-75.000012,43.000012
576 Morgan Ave Apt 3L,New York,-75.000013,43.000013
Rachel Uffner,New York,-75.000014,43.000014
Nicelle Beauchene Gallery,New York,-75.000015,43.000015
Nicelle Beauchene Gallery,New York,-75.000016,43.000016
Andrew Kreps,New York,-75.000017,43.000017
"Balice Hertling 
",New York,-75.000018,43.000018
Balice Hertling,New York,-75.000019,43.000019
Balice Hertling and Lewis,New York,-75.000020,43.000020
Casey Kaplan,New York,-75.000021,43.000021
The Drawing Center,New York,-75.000022,43.000022
Neues Museum,Nürnberg,11.061859, 49.460983
Oakville Galleries,Oakville,-79.6857955901,43.4669381322 
STANDARD ,Oslo,10.757933,59.911491
STANDARD ,Oslo,10.757934,59.911492
High Art,Paris,2.349014,48.864716
High Art,Paris,2.349015,48.864717
Édouard Montassut,Paris,2.349016,48.864718
castillo/corrales,Paris,2.349017,48.864719
Air de Paris,Paris,2.349018,48.864720
Commercial Street,Provincetown,-70.178643,42.058441
Altman Siegel,San Francisco,-122.431297,37.773972
Jessica Silverman,San Francisco,-122.431298,37.773973
The Wattis Institute,San Francisco,-122.431299,37.773974
Embajada,San Juan,-66.105721,18.466333
San Juan del Sur; La Virgen; San Jose de los Remates,San Juan ,-66.105722,18.466334
"Art, Design & Architecture Museum",Santa Barbara,-119.698189,34.420830
Duarte Sequeira Seoul,Seoul,127.024612,37.532600
Money Gallery,St.Petersburg,30.308611,59.937500
LC QUISSER,Tbilisi,44.783333,41.716667
Magasin III Jaffa,Tel Aviv,34.855499,32.109333
Tomio Koyama Gallery,Tokyo,139.817413,35.672855
XYZcollective,Tokyo,139.817414,35.672856
"Fig.,",Tokyo,139.817415,35.672857
Misako & Rosen,Tokyo,139.817416,35.672858
Hagiwara Projects,Tokyo,139.817417,35.672859
Taka Ishii Gallery,Tokyo,139.817418,35.672860
Misako & Rosen,Tokyo,139.817419,35.672861
Fondazione Sandretto Re Rebaudengo,Turin,7.742615,45.116177
Artspeak,Vancouver,-123.116226,49.246292
Pavilion of KiribATI,Venice,12.327145,45.438759
Secession,Vienna,16.363449,48.210033
Pro Choice,Vienna,16.363450,48.210034
Galerie Francesca Pia,Zürich,8.545094,47.373878